{"Train_Metrics": {"Accuracy": 0.9784810126582278, "Precision": 0.9782069970845482, "Recall": 0.9754454162617429, "F1": 0.974513012348673}, "Validation_Metrics": {"Accuracy": 0.010101010101010102, "Precision": 0.0078125, "Recall": 0.0078125, "F1": 0.0078125}, "Test_Metrics": {"Accuracy": 0.020202020202020204, "Precision": 0.014598540145985401, "Recall": 0.009732360097323601, "F1": 0.010948905109489052}}