{"Train_Metrics": {"Accuracy": 0.015189873417721518, "Precision": 5.1666236114699044e-05, "Recall": 0.003401360544217687, "F1": 0.0001017863504504046}, "Validation_Metrics": {"Accuracy": 0.020202020202020204, "Precision": 0.00024339783375927957, "Recall": 0.012048192771084338, "F1": 0.00047715614934987476}, "Test_Metrics": {"Accuracy": 0.020202020202020204, "Precision": 0.0002463661000246366, "Recall": 0.012195121951219513, "F1": 0.0004829751267809708}}