{"Train_Metrics": {"Accuracy": 0.017721518987341773, "Precision": 0.00050618096701046, "Recall": 0.005668934240362811, "F1": 0.0008595842685514131}, "Validation_Metrics": {"Accuracy": 0.020202020202020204, "Precision": 0.0002454590083456063, "Recall": 0.011904761904761904, "F1": 0.000481000481000481}, "Test_Metrics": {"Accuracy": 0.020202020202020204, "Precision": 0.00024588148512417015, "Recall": 0.012048192771084338, "F1": 0.0004819277108433735}}